36,206,yellow,-inf,inf,inf
102,222,yellow,-0.781991,0.148095,1.174145
336,200,blue,-0.029688,0.126517,1.948014
506,194,blue,1.032026,0.108856,2.255595
206,194,blue,-0.828068,0.106064,2.197759
550,184,blue,2.071058,0.073033,3.571359
148,184,blue,-1.647151,0.062600,3.061164
