38,234,yellow,-inf,inf,inf
258,226,yellow,-0.280272,0.165696,1.207220
478,236,blue,0.471632,0.205046,1.242212
100,204,blue,-1.199211,0.135838,1.785679
314,186,blue,-0.272936,0.092897,3.571359
