32,232,yellow,-inf,inf,inf
564,216,yellow,0.841946,0.148900,1.360518
300,224,blue,-0.139263,0.158981,1.207220
380,202,blue,0.187390,0.123337,1.749237
98,208,orange,-1.055252,0.135886,1.558411
274,192,orange,-0.423298,0.096310,2.255595
136,194,orange,-1.166207,0.098488,2.040776
538,184,blue,1.615342,0.060441,2.955607
602,198,blue,1.552518,0.127250,2.142815
