466,198,blue,inf,inf,inf
234,232,blue,-0.053260,0.022737,0.180783
646,216,yellow,inf,inf,inf
