646,234,yellow,-inf,inf,inf
452,210,blue,279.782532,90.357826,948.250977
614,202,blue,996.823792,97.269180,1333.478027
