644,232,yellow,-inf,inf,inf
442,210,blue,232.619461,82.981674,870.842773
602,200,blue,1015.604248,95.808052,1422.376465
