626,222,orange,inf,inf,inf
448,194,yellow,0.053712,0.002179,0.159515
352,192,yellow,0.015328,0.002224,0.286452
142,184,yellow,-inf,-inf,inf
600,190,blue,0.967775,0.002296,1.232613
410,208,orange,inf,inf,inf
