642,232,orange,-inf,inf,inf
464,204,yellow,333.820160,79.785378,1015.983215
364,202,yellow,50.043777,74.109848,1015.983215
142,194,yellow,-695.927795,61.689285,1219.179810
426,218,orange,166.515366,88.062996,748.619202
502,188,blue,687.019226,53.481796,1580.418335
