638,234,yellow,inf,inf,inf
432,212,blue,196.278702,82.778351,820.601807
592,200,blue,914.883301,89.820045,1333.478027
