642,224,yellow,-inf,inf,inf
468,206,blue,362.429779,89.733948,1066.782349
268,228,blue,-inf,inf,inf
