636,224,yellow,inf,inf,inf
458,206,blue,316.793579,85.460907,1015.983215
244,234,blue,-127.088455,72.151749,444.492645
