596,222,orange,inf,inf,inf
390,210,orange,inf,inf,inf
322,196,yellow,-0.010167,0.005684,0.290545
98,188,yellow,-inf,-inf,inf
568,192,blue,0.530124,0.005958,0.767476
