600,216,yellow,inf,inf,inf
410,198,blue,inf,inf,inf
560,188,blue,0.178530,-0.001080,0.267607
