580,224,orange,inf,inf,inf
374,210,orange,inf,inf,inf
308,196,yellow,-0.022167,0.005684,0.290545
72,188,yellow,-inf,-inf,inf
552,192,blue,0.429124,0.005177,0.666824
