566,224,orange,inf,inf,inf
362,212,orange,inf,inf,inf
294,196,yellow,-0.034916,0.005809,0.296907
48,188,yellow,-inf,-inf,inf
548,188,yellow,0.401509,-0.002566,0.635566
