642,218,yellow,-inf,inf,inf
290,234,blue,-85.037109,87.678078,540.143005
486,202,blue,387.035828,72.386368,992.355713
564,164,orange,1852.789673,-101.175537,3047.949707
