640,222,yellow,-inf,inf,inf
478,204,blue,356.569366,76.158768,969.802185
278,226,blue,-116.402351,85.329704,609.589905
554,166,orange,1903.630371,-90.621948,3282.407227
