636,222,yellow,inf,inf,inf
472,204,blue,340.316711,76.158768,969.802185
262,230,blue,-109.295021,70.106781,463.818420
544,166,orange,1811.948730,-90.621948,3282.407227
