634,226,yellow,inf,inf,inf
460,206,blue,294.428314,78.029526,927.636841
640,182,orange,-inf,inf,inf
528,166,orange,1665.258179,-90.621948,3282.407227
224,234,blue,-141.594299,67.248238,414.284424
462,166,yellow,1148.506226,-98.173782,3555.941162
