632,228,yellow,inf,inf,inf
610,194,blue,1047.387207,71.970833,1422.376465
452,208,blue,267.876892,81.441063,907.899902
520,166,orange,1478.204834,-84.148956,3047.949707
458,168,yellow,950.380737,-67.122368,3047.949707
