610,226,yellow,inf,inf,inf
402,202,blue,inf,inf,inf
558,186,blue,0.286134,-0.004300,0.432726
