646,194,blue,-inf,inf,inf
460,206,blue,270.874054,71.787163,853.425903
258,170,yellow,-752.277588,-50.095787,3047.949707
334,170,orange,-81.874657,-38.963390,2370.627441
