640,196,blue,-inf,inf,inf
452,208,blue,246.866943,75.053528,836.692078
248,170,yellow,-901.826721,-53.949310,3282.407227
324,172,orange,-148.089157,-25.720491,2370.627441
