544,224,orange,inf,inf,inf
338,214,orange,0.002854,0.016987,0.233771
266,200,yellow,-0.062164,0.009739,0.310506
524,188,yellow,0.308332,-0.002219,0.549679
374,196,yellow,0.018889,0.003121,0.159515
108,182,blue,-inf,-inf,inf
