644,230,yellow,-inf,inf,inf
608,198,blue,866.201233,73.218590,1185.313721
276,164,blue,-419.326843,-70.822876,2133.564697
426,214,blue,179.082565,85.714081,805.118774
208,176,yellow,-970.070007,0.810322,2510.076172
