632,234,yellow,inf,inf,inf
586,198,blue,984.867249,90.892044,1471.423950
406,218,blue,122.545761,86.544670,735.711975
250,166,blue,-546.922607,-56.099304,2031.966431
