646,216,yellow,-inf,inf,inf
316,226,blue,-53.221962,87.839401,627.519043
512,202,blue,598.223633,94.321625,1293.069580
154,170,orange,-917.089539,-28.053640,1706.851807
