638,216,yellow,inf,inf,inf
304,228,blue,-71.117271,87.485237,601.004150
506,202,blue,543.607483,88.931816,1219.179810
140,170,orange,-945.994019,-26.974655,1641.203613
