520,226,orange,inf,inf,inf
302,216,orange,-0.021124,0.017656,0.224731
340,198,yellow,0.002889,0.004062,0.159515
630,212,blue,0.433373,0.033119,0.496052
226,200,yellow,-inf,inf,inf
484,204,blue,inf,inf,inf
48,182,blue,-inf,-inf,inf
