638,212,yellow,inf,inf,inf
332,218,blue,-25.941153,76.054405,646.534790
502,196,blue,488.145233,63.092030,1122.928833
552,192,blue,790.607178,61.959770,1376.493408
552,234,yellow,345.194672,97.557297,601.004150
460,188,orange,467.024231,49.793396,1471.423950
