634,214,yellow,inf,inf,inf
322,224,blue,-42.086620,83.111702,618.424561
494,198,blue,475.568359,71.239716,1153.278198
544,196,blue,692.803955,70.514626,1255.038086
452,190,orange,434.145325,58.013126,1471.423950
