608,216,yellow,inf,inf,inf
278,228,blue,-0.036631,0.025332,0.222275
460,198,blue,inf,inf,inf
508,194,blue,0.172699,0.004593,0.336167
416,190,orange,inf,inf,inf
562,186,blue,inf,-inf,inf
