608,220,yellow,inf,inf,inf
266,232,blue,-0.043548,0.027357,0.217520
456,200,blue,inf,inf,inf
506,198,blue,0.166585,0.008353,0.328034
410,192,orange,inf,inf,inf
556,188,blue,inf,-inf,inf
