610,220,yellow,inf,inf,inf
452,202,blue,inf,inf,inf
254,234,blue,-0.050706,0.028337,0.215218
646,192,blue,inf,inf,inf
502,198,blue,0.156408,0.008029,0.315320
552,188,blue,inf,-inf,inf
406,194,orange,inf,inf,inf
