522,228,orange,inf,inf,inf
288,216,orange,-0.028814,0.016732,0.212965
208,198,yellow,-0.169701,0.011638,0.457036
330,196,yellow,-0.001817,0.003121,0.159515
480,202,blue,inf,inf,inf
634,214,blue,inf,inf,inf
