646,232,yellow,-inf,inf,inf
92,234,orange,-415.298309,94.884499,584.538269
312,234,blue,-59.359966,100.385048,618.424561
170,210,orange,-456.962219,88.393524,927.636841
258,202,yellow,-250.759201,74.109848,1015.983215
460,198,blue,366.046021,71.239716,1153.278198
624,198,blue,inf,inf,inf
356,194,blue,35.885937,67.472656,1333.478027
