520,232,orange,inf,inf,inf
268,220,orange,-0.040119,0.018659,0.206478
186,196,yellow,-inf,inf,inf
316,194,yellow,-0.008406,0.002179,0.159515
474,202,blue,inf,inf,inf
632,216,blue,inf,inf,inf
352,172,blue,inf,-inf,inf
