644,234,yellow,-inf,inf,inf
288,210,yellow,-154.584534,90.357826,948.250977
240,204,yellow,-309.200867,81.731361,1040.763306
146,212,orange,-508.100586,91.584557,907.899902
614,200,blue,886.065613,79.840042,1185.313721
448,200,blue,318.775513,75.637932,1122.928833
48,228,orange,-455.909760,79.633995,547.067871
344,196,blue,-8.541909,72.651428,1293.069580
