56,208,blue,-inf,inf,inf
248,214,blue,-0.058542,0.016794,0.231115
460,198,blue,inf,inf,inf
