644,222,yellow,-inf,inf,inf
328,192,blue,-54.721508,48.018822,1066.782349
282,234,blue,-92.426750,83.452629,514.112000
618,190,blue,1011.722046,52.574394,1333.478027
430,190,yellow,284.803436,48.068020,1219.179810
550,194,blue,693.441467,61.689285,1219.179810
384,186,yellow,144.695496,38.891495,1376.493408
236,182,blue,-505.922302,28.034307,1641.203613
