638,222,yellow,inf,inf,inf
312,192,blue,-105.021477,49.250072,1094.135742
608,188,blue,944.946838,43.757832,1293.069580
540,194,blue,607.331299,56.819080,1122.928833
416,190,yellow,218.408295,44.273174,1122.928833
256,234,blue,-inf,inf,inf
370,186,yellow,82.851624,35.459892,1255.038086
218,180,blue,-588.435730,18.866146,1641.203613
