632,226,yellow,inf,inf,inf
296,196,blue,-142.924164,57.083267,1015.983215
596,190,blue,901.606384,50.981232,1293.069580
528,196,blue,569.693604,63.092030,1122.928833
404,192,yellow,185.656265,51.912239,1153.278198
198,182,blue,-680.117371,28.034307,1641.203613
356,188,yellow,35.885937,45.125267,1333.478027
