634,234,yellow,inf,inf,inf
582,196,blue,802.411560,68.499916,1219.179810
268,204,blue,-217.209900,77.929901,992.355713
516,202,blue,518.413452,79.810608,1094.135742
386,200,yellow,107.362106,65.323669,969.802185
334,194,yellow,-42.106968,61.689285,1219.179810
164,190,blue,-776.263489,60.085022,1523.974854
