628,208,blue,inf,inf,inf
552,216,blue,521.464294,101.728058,907.899902
220,222,blue,-255.270462,93.158226,723.242310
382,212,yellow,81.676697,82.778351,820.601807
104,198,blue,-902.704468,82.370918,1333.478027
318,204,yellow,-82.456612,81.731361,1040.763306
184,196,yellow,-774.066284,95.899887,1706.851807
510,198,orange,557.228760,75.310555,1219.179810
