604,224,orange,inf,inf,inf
80,222,blue,-587.907532,101.783981,790.209167
230,210,yellow,-374.840454,109.894653,1153.278198
