170,200,yellow,-inf,inf,inf
42,212,blue,-inf,inf,inf
400,234,yellow,0.040084,0.027049,0.205436
