244,230,yellow,-inf,inf,inf
74,208,blue,-inf,inf,inf
498,234,blue,0.092040,0.025027,0.190076
314,184,blue,-0.009611,-0.002598,0.164017
402,188,yellow,inf,-inf,inf
468,202,yellow,inf,inf,inf
