524,202,orange,inf,inf,inf
564,194,yellow,0.108300,0.002179,0.159515
458,190,yellow,0.102031,0.000519,0.278604
398,224,orange,0.187721,0.101360,0.992103
280,178,yellow,-inf,-inf,inf
614,178,blue,inf,-inf,inf
