512,230,yellow,inf,inf,inf
104,208,blue,-inf,inf,inf
442,186,blue,inf,-inf,inf
388,194,blue,0.027297,0.002335,0.170909
256,196,yellow,-0.186869,0.015915,0.813525
566,196,yellow,0.144335,0.004123,0.210758
198,190,yellow,-inf,inf,inf
46,186,yellow,-inf,-inf,inf
