36,214,blue,-inf,inf,inf
440,190,blue,inf,inf,inf
582,204,yellow,inf,inf,inf
380,200,blue,0.021712,0.005003,0.159515
232,200,yellow,-0.679079,0.070876,2.259791
168,194,yellow,-inf,inf,inf
