26,226,blue,-inf,inf,inf
238,210,yellow,-253.247208,79.727493,836.692078
456,200,blue,373.341675,82.121185,1219.179810
394,210,blue,115.865738,82.981674,870.842773
598,214,yellow,666.475159,100.952141,948.250977
168,202,yellow,-545.093201,79.810608,1094.135742
