24,234,orange,-inf,inf,inf
646,222,yellow,-inf,inf,inf
476,208,blue,359.318146,89.016975,992.355713
234,234,blue,-142.471832,73.686897,453.949951
