644,222,yellow,-inf,inf,inf
472,208,blue,348.231079,89.016975,992.355713
