644,226,yellow,-inf,inf,inf
460,208,blue,314.969818,89.016975,992.355713
