644,228,yellow,-inf,inf,inf
454,210,blue,278.882324,88.393524,927.636841
