640,230,yellow,-inf,inf,inf
446,212,blue,232.845047,84.401459,836.692078
