636,234,yellow,inf,inf,inf
430,216,blue,188.077744,90.211670,805.118774
608,200,blue,799.570374,73.698502,1094.135742
