634,234,yellow,inf,inf,inf
422,218,blue,170.087387,94.709259,805.118774
600,200,blue,817.020386,77.682205,1153.278198
