50,208,blue,-inf,inf,inf
238,330,yellow,-0.081678,0.121043,0.283817
30,320,yellow,-inf,inf,inf
