48,334,orange,-inf,inf,inf
254,334,orange,-0.048048,0.086425,0.197494
396,256,blue,inf,inf,inf
