246,238,orange,-inf,inf,inf
388,318,yellow,0.142168,0.431983,1.098880
314,268,blue,-inf,inf,inf
