248,238,orange,-inf,inf,inf
390,318,yellow,0.156295,0.455333,1.158278
314,268,blue,-inf,inf,inf
