250,238,orange,-inf,inf,inf
392,320,yellow,0.143364,0.406802,1.020388
312,268,blue,-inf,inf,inf
