182,274,blue,-inf,inf,inf
548,324,yellow,1.640954,1.170830,2.857087
390,230,orange,inf,inf,inf
