110,272,blue,-inf,inf,inf
286,226,orange,-0.075141,0.066843,0.487003
436,270,yellow,inf,inf,inf
