582,234,orange,inf,inf,inf
348,240,blue,inf,inf,inf
64,196,blue,-1.066831,0.074407,1.382461
52,326,orange,-1.568272,0.809128,1.948014
60,246,yellow,-inf,inf,inf
