108,272,blue,-inf,inf,inf
286,226,orange,-0.076005,0.067612,0.492601
432,272,yellow,inf,inf,inf
