96,272,yellow,-inf,inf,inf
320,214,blue,-inf,inf,inf
420,280,orange,1.169812,1.539783,5.357038
