130,238,yellow,-inf,inf,inf
362,212,blue,inf,inf,inf
380,284,orange,0.306070,0.853000,2.857087
72,324,yellow,-1.003696,0.548827,1.339260
124,322,yellow,-0.261824,0.174991,0.432892
32,316,blue,-inf,inf,inf
134,278,blue,-inf,inf,inf
564,230,orange,inf,inf,inf
