150,220,yellow,-inf,inf,inf
384,210,blue,inf,inf,inf
334,282,orange,-0.074292,1.046386,3.571359
246,260,blue,-inf,inf,inf
192,288,blue,-inf,inf,inf
136,298,blue,-0.284772,0.168182,0.498329
244,300,blue,-inf,inf,inf
