178,216,yellow,-inf,inf,inf
402,222,blue,inf,inf,inf
248,304,yellow,-inf,inf,inf
314,284,yellow,-0.409404,1.599376,5.357038
204,304,yellow,-inf,inf,inf
328,322,yellow,-inf,inf,inf
288,316,yellow,-0.098063,0.255522,0.659328
168,330,yellow,-0.318098,0.281193,0.659328
582,252,blue,inf,inf,inf
