238,208,yellow,-inf,inf,inf
442,238,blue,inf,inf,inf
570,214,yellow,inf,inf,inf
254,272,orange,-1.303299,1.420596,5.357038
422,324,yellow,1.199609,2.195306,5.357038
480,292,orange,inf,inf,inf
478,334,yellow,0.084307,0.097173,0.222053
382,334,yellow,inf,inf,inf
614,306,orange,inf,inf,inf
578,272,orange,inf,inf,inf
