110,272,blue,-inf,inf,inf
286,228,orange,-0.076005,0.070352,0.492601
436,270,yellow,inf,inf,inf
