288,238,orange,-inf,inf,inf
176,286,blue,-2.465364,1.629172,5.357038
458,274,yellow,inf,inf,inf
152,332,orange,-0.297150,0.243631,0.563899
