458,276,yellow,inf,inf,inf
178,284,blue,-2.435567,1.599376,5.357038
288,250,orange,-inf,inf,inf
