x,y,ratio,label
606,233,1.40484375,yellow
237,206,0.796078125,yellow
187,197,0.702421875,yellow
169,183,0.46828125,yellow
31,322,3.4652812500000003,blue
237,238,1.545328125,blue
296,190,0.65559375,blue
245,181,0.46828125,blue
402,194,0.74925,blue
559,194,0.608765625,blue
618,184,0.5619375,blue
76,209,1.03021875,orange
