x,y,ratio,label
297,268,2.296875,orange
433,208,1.03125,orange
171,186,0.65625,yellow
370,194,0.703125,yellow
467,195,0.796875,yellow
242,180,0.5625,blue
452,183,0.5625,blue
617,203,0.890625,blue
500,180,0.375,blue
583,183,0.421875,yellow
