x,y,ratio,label
107,308,3.324796875,yellow
497,210,0.983390625,yellow
400,191,0.608765625,yellow
193,204,1.03021875,blue
293,187,0.608765625,blue
