x,y,ratio,label
545,224,1.359375,yellow
632,196,0.703125,yellow
22,212,0.9375,orange
214,214,1.078125,orange
207,202,0.9375,orange
227,243,1.734375,blue
333,209,1.078125,blue
503,188,0.65625,blue
