x,y,ratio,label
606,221,1.264359375,yellow
78,301,3.043828125,blue
419,202,0.74925,blue
590,190,0.74925,blue
