x,y,ratio,label
519,246,1.7794687500000002,yellow
559,203,0.9365625,yellow
226,198,0.84290625,yellow
162,191,0.65559375,yellow
39,213,1.1707031250000002,blue
371,199,0.8897343750000001,blue
429,191,0.702421875,blue
581,187,0.5619375,blue
242,191,0.702421875,orange
254,184,0.608765625,orange
348,186,0.608765625,orange
358,190,0.74925,orange
