x,y,ratio,label
32,232,1.4985,yellow
562,217,1.21753125,yellow
299,220,1.21753125,blue
378,202,0.9365625,blue
542,187,0.608765625,blue
97,209,1.03021875,orange
133,197,0.796078125,orange
281,202,0.9365625,orange
271,193,0.74925,orange
