x,y,ratio,label
570,274,2.4350625,yellow
610,215,0.983390625,yellow
235,242,1.6389843750000002,blue
453,200,0.74925,blue
625,192,0.608765625,blue
18,254,1.96678125,orange
46,222,1.264359375,orange
