x,y,ratio,label
601,244,1.7794687500000002,yellow
412,201,0.702421875,yellow
414,188,0.608765625,yellow
468,180,0.421453125,yellow
551,177,0.374625,yellow
18,172,0.374625,yellow
164,173,0.421453125,yellow
262,175,0.421453125,yellow
300,177,0.421453125,yellow
60,248,1.826296875,blue
266,198,0.84290625,blue
234,180,0.515109375,blue
132,175,0.46828125,blue
372,178,0.46828125,blue
409,176,0.46828125,blue
513,174,0.374625,blue
