x,y,ratio,label
297,268,2.294578125,orange
432,207,1.03021875,orange
171,185,0.65559375,yellow
370,194,0.702421875,yellow
466,195,0.796078125,yellow
241,179,0.5619375,blue
452,182,0.5619375,blue
616,203,0.8897343750000001,blue
499,179,0.374625,blue
582,183,0.421453125,yellow
