x,y,ratio,label
572,307,2.671875,yellow
596,225,1.171875,yellow
198,260,2.015625,blue
430,205,0.75,blue
479,200,0.609375,blue
523,187,0.515625,blue
612,194,0.5625,blue
380,195,0.609375,orange
402,189,0.46875,orange
266,191,0.515625,orange
303,188,0.5625,orange
450,188,0.46875,yellow
