x,y,ratio,label
602,245,1.78125,yellow
413,201,0.703125,yellow
415,188,0.609375,yellow
469,180,0.421875,yellow
552,178,0.375,yellow
18,173,0.375,yellow
165,173,0.421875,yellow
263,175,0.421875,yellow
300,177,0.421875,yellow
60,248,1.828125,blue
267,199,0.84375,blue
234,180,0.515625,blue
133,176,0.46875,blue
373,179,0.46875,blue
409,177,0.46875,blue
514,175,0.375,blue
