x,y,ratio,label
557,256,1.34375,yellow
613,207,0.625,yellow
36,318,2.3125,blue
263,229,0.90625,blue
465,194,0.4375,blue
82,240,1.09375,orange
96,215,0.75,orange
