x,y,ratio,label
232,229,1.6858125,orange
509,242,1.7326406250000002,orange
609,217,1.21753125,blue
455,204,1.03021875,blue
160,183,0.84290625,blue
276,180,0.65559375,blue
143,201,1.123875,yellow
290,198,0.983390625,yellow
608,199,0.8897343750000001,yellow
454,187,0.65559375,yellow
