x,y,ratio,label
520,247,1.78125,yellow
560,204,0.9375,yellow
226,199,0.84375,yellow
162,192,0.65625,yellow
39,213,1.171875,blue
372,199,0.890625,blue
429,191,0.703125,blue
582,188,0.5625,blue
243,191,0.703125,orange
254,184,0.609375,orange
349,186,0.609375,orange
358,191,0.75,orange
