x,y,ratio,label
610,316,3.231140625,yellow
563,220,1.03021875,yellow
150,265,2.200921875,blue
420,205,0.796078125,blue
624,197,0.608765625,blue
567,198,0.608765625,blue
533,191,0.515109375,orange
442,188,0.421453125,orange
471,186,0.374625,orange
560,189,0.421453125,orange
