x,y,ratio,label
607,221,1.265625,yellow
78,301,3.046875,blue
420,203,0.75,blue
591,191,0.75,blue
