x,y,ratio,label
156,278,2.575546875,yellow
487,206,0.8897343750000001,yellow
398,190,0.5619375,yellow
204,203,0.9365625,blue
296,187,0.608765625,blue
588,289,2.669203125,blue
