x,y,ratio,label
613,281,2.625,yellow
628,212,1.078125,yellow
328,189,0.75,yellow
287,183,0.609375,yellow
253,233,1.546875,blue
336,207,1.078125,blue
371,179,0.609375,blue
465,184,0.65625,blue
624,184,0.703125,blue
36,193,0.703125,orange
167,207,1.078125,orange
217,190,0.703125,orange
