x,y,ratio,label
550,248,1.9199531250000001,yellow
612,203,0.9365625,yellow
84,296,2.856515625,blue
275,224,1.3111875,blue
470,192,0.702421875,blue
108,234,1.4985,orange
116,212,1.077046875,orange
