x,y,ratio,label
606,311,2.0625,orange
154,288,1.8125,orange
59,232,1.03125,yellow
265,223,0.78125,yellow
463,204,0.4375,yellow
401,193,0.25,yellow
320,191,0.3125,blue
477,232,0.8125,blue
258,198,0.46875,blue
113,203,0.59375,blue
