x,y,ratio,label
610,307,3.1843125,yellow
589,220,1.1707031250000002,yellow
175,258,2.15409375,blue
411,199,0.8897343750000001,blue
557,190,0.65559375,blue
