x,y,ratio,label
156,278,1.71875,yellow
487,206,0.59375,yellow
399,191,0.375,yellow
205,204,0.625,blue
297,187,0.40625,blue
589,289,1.78125,blue
