x,y,ratio,label
359,248,1.6389843750000002,orange
486,204,0.983390625,orange
522,193,0.702421875,yellow
423,192,0.608765625,yellow
240,181,0.515109375,yellow
300,178,0.515109375,blue
509,183,0.515109375,blue
563,178,0.46828125,blue
