x,y,ratio,label
184,309,2.0,orange
563,227,0.875,orange
365,213,0.6875,orange
59,190,0.53125,yellow
299,200,0.5,yellow
398,199,0.4375,yellow
552,193,0.375,yellow
539,205,0.5625,blue
152,183,0.34375,blue
384,186,0.34375,blue
