x,y,ratio,label
594,306,3.09375,yellow
487,216,1.03125,yellow
547,193,0.65625,yellow
280,189,0.5625,yellow
227,184,0.609375,yellow
94,181,0.46875,yellow
90,297,2.953125,blue
22,186,0.65625,blue
160,196,0.890625,blue
393,190,0.75,blue
443,185,0.5625,blue
586,181,0.46875,blue
288,184,0.5625,orange
295,179,0.46875,orange
375,180,0.515625,orange
383,185,0.5625,orange
