x,y,ratio,label
586,273,2.3414062500000004,yellow
608,216,1.1707031250000002,yellow
249,235,1.545328125,blue
441,197,0.796078125,blue
589,191,0.74925,blue
