x,y,ratio,label
208,299,2.9033437500000003,orange
379,212,1.077046875,orange
578,226,1.1707031250000002,orange
84,189,0.65559375,yellow
314,198,0.702421875,yellow
412,198,0.702421875,yellow
568,192,0.5619375,yellow
553,204,0.84290625,blue
398,186,0.515109375,blue
172,183,0.608765625,blue
