x,y,ratio,label
611,226,0.90625,yellow
270,202,0.53125,yellow
224,194,0.4375,yellow
204,184,0.3125,yellow
138,282,1.6875,blue
275,228,0.875,blue
423,193,0.46875,blue
322,190,0.375,blue
580,193,0.46875,blue
275,181,0.3125,blue
39,233,0.96875,orange
132,205,0.59375,orange
