x,y,ratio,label
556,256,2.013609375,yellow
612,206,0.9365625,yellow
36,317,3.4652812500000003,blue
262,229,1.358015625,blue
464,193,0.65559375,blue
81,240,1.6389843750000002,orange
95,214,1.123875,orange
