x,y,ratio,label
359,248,1.09375,orange
487,204,0.65625,orange
523,193,0.46875,yellow
424,192,0.40625,yellow
241,181,0.34375,yellow
301,178,0.34375,blue
510,183,0.34375,blue
564,179,0.3125,blue
