x,y,ratio,label
590,245,1.7326406250000002,yellow
386,186,0.608765625,yellow
349,180,0.515109375,yellow
329,171,0.374625,yellow
333,213,1.077046875,blue
393,199,0.84290625,blue
516,183,0.608765625,blue
427,178,0.515109375,blue
87,193,0.74925,orange
158,184,0.5619375,orange
262,196,0.8897343750000001,orange
293,185,0.65559375,orange
