x,y,ratio,label
571,275,2.4375,yellow
611,215,0.984375,yellow
236,242,1.640625,blue
454,201,0.75,blue
626,192,0.609375,blue
18,255,1.96875,orange
47,222,1.265625,orange
