x,y,ratio,label
612,280,2.622375,yellow
627,212,1.077046875,yellow
328,188,0.74925,yellow
286,183,0.608765625,yellow
253,233,1.545328125,blue
336,207,1.077046875,blue
370,179,0.608765625,blue
464,183,0.65559375,blue
623,184,0.702421875,blue
36,193,0.702421875,orange
167,207,1.077046875,orange
216,190,0.702421875,orange
