x,y,ratio,label
107,309,3.328125,yellow
498,210,0.984375,yellow
401,191,0.609375,yellow
193,205,1.03125,blue
294,187,0.609375,blue
