x,y,ratio,label
607,234,0.9375,yellow
238,206,0.53125,yellow
187,197,0.46875,yellow
169,184,0.3125,yellow
31,323,2.3125,blue
238,238,1.03125,blue
297,191,0.4375,blue
246,182,0.3125,blue
403,195,0.5,blue
560,194,0.40625,blue
619,185,0.375,blue
77,210,0.6875,orange
