x,y,ratio,label
615,316,3.328125,yellow
582,215,1.03125,yellow
151,215,1.03125,yellow
73,204,0.9375,yellow
347,211,0.984375,blue
416,199,0.75,blue
579,190,0.65625,blue
184,201,0.84375,orange
205,192,0.703125,orange
320,191,0.65625,orange
330,198,0.84375,orange
