x,y,ratio,label
544,224,1.358015625,yellow
631,196,0.702421875,yellow
21,211,0.9365625,orange
214,214,1.077046875,orange
207,201,0.9365625,orange
227,243,1.7326406250000002,blue
332,209,1.077046875,blue
502,187,0.65559375,blue
