x,y,ratio,label
571,275,1.625,yellow
611,215,0.65625,yellow
236,242,1.09375,blue
454,201,0.5,blue
626,192,0.40625,blue
18,255,1.3125,orange
47,222,0.84375,orange
