x,y,ratio,label
611,316,3.234375,yellow
564,221,1.03125,yellow
150,265,2.203125,blue
420,205,0.796875,blue
625,197,0.609375,blue
568,198,0.609375,blue
534,191,0.515625,orange
442,188,0.421875,orange
471,187,0.375,orange
561,189,0.421875,orange
