x,y,ratio,label
183,308,2.997,orange
562,226,1.3111875,orange
365,212,1.03021875,orange
58,190,0.796078125,yellow
298,199,0.74925,yellow
398,198,0.65559375,yellow
551,192,0.5619375,yellow
538,204,0.84290625,blue
152,183,0.515109375,blue
383,186,0.515109375,blue
