x,y,ratio,label
557,256,2.015625,yellow
613,207,0.9375,yellow
36,318,3.46875,blue
263,229,1.359375,blue
465,194,0.65625,blue
82,240,1.640625,orange
96,215,1.125,orange
