x,y,ratio,label
593,305,3.09065625,yellow
486,215,1.03021875,yellow
546,192,0.65559375,yellow
280,188,0.5619375,yellow
226,184,0.608765625,yellow
93,180,0.46828125,yellow
89,297,2.9501718749999997,blue
22,185,0.65559375,blue
160,196,0.8897343750000001,blue
392,189,0.74925,blue
443,184,0.5619375,blue
585,180,0.46828125,blue
288,183,0.5619375,orange
295,178,0.46828125,orange
375,180,0.515109375,orange
382,184,0.5619375,orange
