x,y,ratio,label
551,219,1.3111875,yellow
266,229,1.40484375,blue
355,204,1.03021875,blue
519,186,0.65559375,blue
31,219,1.21753125,orange
82,202,0.84290625,orange
239,196,0.74925,orange
248,207,0.9365625,orange
