x,y,ratio,label
552,220,1.3125,yellow
266,230,1.40625,blue
355,205,1.03125,blue
520,187,0.65625,blue
32,220,1.21875,orange
82,203,0.84375,orange
239,197,0.75,orange
249,208,0.9375,orange
