x,y,ratio,label
453,237,0.96875,orange
585,211,0.625,orange
343,185,0.25,yellow
521,198,0.375,yellow
634,202,0.375,yellow
625,191,0.34375,blue
396,183,0.34375,blue
