x,y,ratio,label
452,237,1.4516718750000002,orange
584,210,0.9365625,orange
343,184,0.374625,yellow
520,197,0.5619375,yellow
633,201,0.5619375,yellow
624,191,0.515109375,blue
396,183,0.515109375,blue
