x,y,ratio,label
209,300,2.90625,orange
380,212,1.078125,orange
579,226,1.171875,orange
84,190,0.65625,yellow
315,198,0.703125,yellow
412,198,0.703125,yellow
569,193,0.5625,yellow
554,205,0.84375,blue
398,186,0.515625,blue
173,183,0.609375,blue
