x,y,ratio,label
297,268,1.53125,orange
433,208,0.6875,orange
171,186,0.4375,yellow
370,194,0.46875,yellow
467,195,0.53125,yellow
242,180,0.375,blue
452,183,0.375,blue
617,203,0.59375,blue
500,180,0.25,blue
583,183,0.28125,yellow
