x,y,ratio,label
611,308,3.1875,yellow
590,220,1.171875,yellow
176,259,2.15625,blue
411,199,0.890625,blue
558,191,0.65625,blue
