x,y,ratio,label
620,259,1.875,yellow
102,221,1.171875,yellow
38,206,0.984375,yellow
39,183,0.609375,yellow
25,307,3.09375,blue
149,182,0.5625,blue
208,193,0.703125,blue
338,198,0.890625,blue
509,195,0.703125,blue
552,182,0.609375,blue
