x,y,ratio,label
615,316,2.21875,yellow
582,215,0.6875,yellow
151,215,0.6875,yellow
73,204,0.625,yellow
347,211,0.65625,blue
416,199,0.5,blue
579,190,0.4375,blue
184,201,0.5625,orange
205,192,0.46875,orange
320,191,0.4375,orange
330,198,0.5625,orange
