x,y,ratio,label
156,278,2.578125,yellow
487,206,0.890625,yellow
399,191,0.5625,yellow
205,204,0.9375,blue
297,187,0.609375,blue
589,289,2.671875,blue
