x,y,ratio,label
605,310,3.09065625,orange
154,287,2.71603125,orange
59,232,1.545328125,yellow
265,223,1.1707031250000002,yellow
463,203,0.65559375,yellow
401,192,0.374625,yellow
319,190,0.46828125,blue
477,231,1.21753125,blue
257,198,0.702421875,blue
112,203,0.8897343750000001,blue
