x,y,ratio,label
33,233,1.5,yellow
563,218,1.21875,yellow
299,221,1.21875,blue
379,203,0.9375,blue
543,187,0.609375,blue
98,210,1.03125,orange
134,197,0.796875,orange
282,203,0.9375,orange
272,194,0.75,orange
