x,y,ratio,label
610,226,1.358015625,yellow
270,202,0.796078125,yellow
224,193,0.65559375,yellow
203,183,0.46828125,yellow
137,281,2.52871875,blue
275,227,1.3111875,blue
422,193,0.702421875,blue
322,189,0.5619375,blue
579,193,0.702421875,blue
274,180,0.46828125,blue
38,233,1.4516718750000002,orange
132,205,0.8897343750000001,orange
