x,y,ratio,label
614,316,3.324796875,yellow
581,214,1.03021875,yellow
150,214,1.03021875,yellow
72,203,0.9365625,yellow
347,211,0.983390625,blue
415,198,0.74925,blue
578,189,0.65559375,blue
184,200,0.84290625,orange
205,192,0.702421875,orange
319,190,0.65559375,orange
329,197,0.84290625,orange
