x,y,ratio,label
189,266,2.296875,orange
570,286,2.4375,orange
95,224,1.40625,yellow
277,217,1.03125,yellow
463,200,0.65625,yellow
405,191,0.421875,yellow
134,198,0.796875,blue
472,224,1.171875,blue
267,194,0.703125,blue
325,187,0.515625,blue
