x,y,ratio,label
606,311,3.09375,orange
154,288,2.71875,orange
59,232,1.546875,yellow
265,223,1.171875,yellow
463,204,0.65625,yellow
401,193,0.375,yellow
320,191,0.46875,blue
477,232,1.21875,blue
258,198,0.703125,blue
113,203,0.890625,blue
