x,y,ratio,label
359,248,1.640625,orange
487,204,0.984375,orange
523,193,0.703125,yellow
424,192,0.609375,yellow
241,181,0.515625,yellow
301,178,0.515625,blue
510,183,0.515625,blue
564,179,0.46875,blue
