x,y,ratio,label
587,274,2.34375,yellow
609,216,1.171875,yellow
249,235,1.546875,blue
441,197,0.796875,blue
590,192,0.75,blue
