x,y,ratio,label
571,307,2.669203125,yellow
595,225,1.1707031250000002,yellow
198,260,2.013609375,blue
429,204,0.74925,blue
479,200,0.608765625,blue
522,187,0.515109375,blue
611,193,0.5619375,blue
379,195,0.608765625,orange
401,188,0.46828125,orange
265,191,0.515109375,orange
302,187,0.5619375,orange
449,187,0.46828125,yellow
