x,y,ratio,label
520,247,1.1875,yellow
560,204,0.625,yellow
226,199,0.5625,yellow
162,192,0.4375,yellow
39,213,0.78125,blue
372,199,0.59375,blue
429,191,0.46875,blue
582,188,0.375,blue
243,191,0.46875,orange
254,184,0.40625,orange
349,186,0.40625,orange
358,191,0.5,orange
