x,y,ratio,label
591,245,1.734375,yellow
387,186,0.609375,yellow
349,180,0.515625,yellow
329,172,0.375,yellow
333,213,1.078125,blue
393,200,0.84375,blue
517,183,0.609375,blue
427,178,0.515625,blue
87,194,0.75,orange
159,185,0.5625,orange
262,196,0.890625,orange
294,186,0.65625,orange
