x,y,ratio,label
572,307,1.78125,yellow
596,225,0.78125,yellow
198,260,1.34375,blue
430,205,0.5,blue
479,200,0.40625,blue
523,187,0.34375,blue
612,194,0.375,blue
380,195,0.40625,orange
402,189,0.3125,orange
266,191,0.34375,orange
303,188,0.375,orange
450,188,0.3125,yellow
