x,y,ratio,label
551,248,1.28125,yellow
613,204,0.625,yellow
84,296,1.90625,blue
276,225,0.875,blue
470,192,0.46875,blue
109,235,1.0,orange
116,212,0.71875,orange
