x,y,ratio,label
619,258,1.873125,yellow
102,221,1.1707031250000002,yellow
37,206,0.983390625,yellow
38,183,0.608765625,yellow
25,306,3.09065625,blue
148,181,0.5619375,blue
207,193,0.702421875,blue
338,198,0.8897343750000001,blue
508,195,0.702421875,blue
551,182,0.608765625,blue
