x,y,ratio,label
607,234,1.40625,yellow
238,206,0.796875,yellow
187,197,0.703125,yellow
169,184,0.46875,yellow
31,323,3.46875,blue
238,238,1.546875,blue
297,191,0.65625,blue
246,182,0.46875,blue
403,195,0.75,blue
560,194,0.609375,blue
619,185,0.5625,blue
77,210,1.03125,orange
