x,y,ratio,label
551,248,1.921875,yellow
613,204,0.9375,yellow
84,296,2.859375,blue
276,225,1.3125,blue
470,192,0.703125,blue
109,235,1.5,orange
116,212,1.078125,orange
