x,y,ratio,label
189,266,2.294578125,orange
569,285,2.4350625,orange
94,223,1.40484375,yellow
277,216,1.03021875,yellow
462,199,0.65559375,yellow
405,191,0.421453125,yellow
133,198,0.796078125,blue
472,224,1.1707031250000002,blue
267,194,0.702421875,blue
325,187,0.515109375,blue
