x,y,ratio,label
611,226,1.359375,yellow
270,202,0.796875,yellow
224,194,0.65625,yellow
204,184,0.46875,yellow
138,282,2.53125,blue
275,228,1.3125,blue
423,193,0.703125,blue
322,190,0.5625,blue
580,193,0.703125,blue
275,181,0.46875,blue
39,233,1.453125,orange
132,205,0.890625,orange
