x,y,ratio,label
453,237,1.453125,orange
585,211,0.9375,orange
343,185,0.375,yellow
521,198,0.5625,yellow
634,202,0.5625,yellow
625,191,0.515625,blue
396,183,0.515625,blue
