x,y,ratio,label
233,230,1.6875,orange
510,242,1.734375,orange
610,218,1.21875,blue
455,205,1.03125,blue
161,184,0.84375,blue
276,181,0.65625,blue
144,202,1.125,yellow
290,198,0.984375,yellow
609,199,0.890625,yellow
455,188,0.65625,yellow
