x,y,ratio,label
184,309,3.0,orange
563,227,1.3125,orange
365,213,1.03125,orange
59,190,0.796875,yellow
299,200,0.75,yellow
398,199,0.65625,yellow
552,193,0.5625,yellow
539,205,0.84375,blue
152,183,0.515625,blue
384,186,0.515625,blue
