576,302,yellow,inf,inf,inf
442,278,blue,inf,inf,inf
442,324,orange,0.106494,0.156111,0.380945
