420,262,big orange,inf,inf,inf
442,320,orange,0.169937,0.242350,0.607891
590,284,blue,inf,inf,inf
176,330,orange,-0.310597,0.287836,0.674902
222,296,orange,-inf,inf,inf
540,218,yellow,inf,inf,inf
