212,264,big orange,-inf,inf,inf
438,312,yellow,0.162026,0.227214,0.603610
200,328,orange,-0.281041,0.300653,0.714272
366,212,yellow,inf,inf,inf
