452,254,yellow,inf,inf,inf
476,300,orange,1.282634,1.176159,3.428504
