452,256,yellow,inf,inf,inf
476,300,orange,1.233301,1.130922,3.296639
