286,230,yellow,-inf,inf,inf
466,240,orange,inf,inf,inf
378,212,big orange,inf,inf,inf
160,304,yellow,-0.576797,0.404766,1.142835
206,258,yellow,-1.699718,1.020649,4.511189
120,254,yellow,-inf,inf,inf
