284,228,yellow,-inf,inf,inf
464,236,orange,inf,inf,inf
380,210,big orange,inf,inf,inf
434,266,yellow,inf,inf,inf
146,304,yellow,-0.512055,0.333598,0.941897
200,258,yellow,-0.963568,0.554067,2.448931
