x,y,ratio,label
613,281,1.75,yellow
628,212,0.71875,yellow
328,189,0.5,yellow
287,183,0.40625,yellow
253,233,1.03125,blue
336,207,0.71875,blue
371,179,0.40625,blue
465,184,0.4375,blue
624,184,0.46875,blue
36,193,0.46875,orange
167,207,0.71875,orange
217,190,0.46875,orange
