x,y,ratio,label
594,306,2.0625,yellow
487,216,0.6875,yellow
547,193,0.4375,yellow
280,189,0.375,yellow
227,184,0.40625,yellow
94,181,0.3125,yellow
90,297,1.96875,blue
22,186,0.4375,blue
160,196,0.59375,blue
393,190,0.5,blue
443,185,0.375,blue
586,181,0.3125,blue
288,184,0.375,orange
295,179,0.3125,orange
375,180,0.34375,orange
383,185,0.375,orange
