x,y,ratio,label
591,245,1.15625,yellow
387,186,0.40625,yellow
349,180,0.34375,yellow
329,172,0.25,yellow
333,213,0.71875,blue
393,200,0.5625,blue
517,183,0.40625,blue
427,178,0.34375,blue
87,194,0.5,orange
159,185,0.375,orange
262,196,0.59375,orange
294,186,0.4375,orange
