x,y,ratio,label
587,274,1.5625,yellow
609,216,0.78125,yellow
249,235,1.03125,blue
441,197,0.53125,blue
590,192,0.5,blue
