x,y,ratio,label
189,266,1.53125,orange
570,286,1.625,orange
95,224,0.9375,yellow
277,217,0.6875,yellow
463,200,0.4375,yellow
405,191,0.28125,yellow
134,198,0.53125,blue
472,224,0.78125,blue
267,194,0.46875,blue
325,187,0.34375,blue
