x,y,ratio,label
620,259,1.25,yellow
102,221,0.78125,yellow
38,206,0.65625,yellow
39,183,0.40625,yellow
25,307,2.0625,blue
149,182,0.375,blue
208,193,0.46875,blue
338,198,0.59375,blue
509,195,0.46875,blue
552,182,0.40625,blue
