x,y,ratio,label
611,308,2.125,yellow
590,220,0.78125,yellow
176,259,1.4375,blue
411,199,0.59375,blue
558,191,0.4375,blue
