x,y,ratio,label
209,300,1.9375,orange
380,212,0.71875,orange
579,226,0.78125,orange
84,190,0.4375,yellow
315,198,0.46875,yellow
412,198,0.46875,yellow
569,193,0.375,yellow
554,205,0.5625,blue
398,186,0.34375,blue
173,183,0.40625,blue
