x,y,ratio,label
107,309,2.21875,yellow
498,210,0.65625,yellow
401,191,0.40625,yellow
193,205,0.6875,blue
294,187,0.40625,blue
