x,y,ratio,label
607,221,0.84375,yellow
78,301,2.03125,blue
420,203,0.5,blue
591,191,0.5,blue
