x,y,ratio,label
611,316,2.15625,yellow
564,221,0.6875,yellow
150,265,1.46875,blue
420,205,0.53125,blue
625,197,0.40625,blue
568,198,0.40625,blue
534,191,0.34375,orange
442,188,0.28125,orange
471,187,0.25,orange
561,189,0.28125,orange
