x,y,ratio,label
33,233,1.0,yellow
563,218,0.8125,yellow
299,221,0.8125,blue
379,203,0.625,blue
543,187,0.40625,blue
98,210,0.6875,orange
134,197,0.53125,orange
282,203,0.625,orange
272,194,0.5,orange
