x,y,ratio,label
233,230,1.125,orange
510,242,1.15625,orange
610,218,0.8125,blue
455,205,0.6875,blue
161,184,0.5625,blue
276,181,0.4375,blue
144,202,0.75,yellow
290,198,0.65625,yellow
609,199,0.59375,yellow
455,188,0.4375,yellow
