x,y,ratio,label
545,224,0.90625,yellow
632,196,0.46875,yellow
22,212,0.625,orange
214,214,0.71875,orange
207,202,0.625,orange
227,243,1.15625,blue
333,209,0.71875,blue
503,188,0.4375,blue
