x,y,ratio,label
602,245,1.1875,yellow
413,201,0.46875,yellow
415,188,0.40625,yellow
469,180,0.28125,yellow
552,178,0.25,yellow
18,173,0.25,yellow
165,173,0.28125,yellow
263,175,0.28125,yellow
300,177,0.28125,yellow
60,248,1.21875,blue
267,199,0.5625,blue
234,180,0.34375,blue
133,176,0.3125,blue
373,179,0.3125,blue
409,177,0.3125,blue
514,175,0.25,blue
